{
    "name": "root",
    "gauges": {
        "EvaderBehavior.Policy.Entropy.mean": {
            "value": 1.4189480543136597,
            "min": 1.4189382791519165,
            "max": 1.4223233461380005,
            "count": 7
        },
        "EvaderBehavior.Policy.Entropy.sum": {
            "value": 14200.83203125,
            "min": 14114.47265625,
            "max": 14268.84375,
            "count": 7
        },
        "EvaderBehavior.Step.mean": {
            "value": 69996.0,
            "min": 9992.0,
            "max": 69996.0,
            "count": 7
        },
        "EvaderBehavior.Step.sum": {
            "value": 69996.0,
            "min": 9992.0,
            "max": 69996.0,
            "count": 7
        },
        "EvaderBehavior.Policy.ExtrinsicValueEstimate.mean": {
            "value": 2.102471351623535,
            "min": -0.08079054206609726,
            "max": 2.102471351623535,
            "count": 7
        },
        "EvaderBehavior.Policy.ExtrinsicValueEstimate.sum": {
            "value": 351.11273193359375,
            "min": -13.572811126708984,
            "max": 351.11273193359375,
            "count": 7
        },
        "EvaderBehavior.Environment.EpisodeLength.mean": {
            "value": 599.0,
            "min": 447.3636363636364,
            "max": 599.0,
            "count": 7
        },
        "EvaderBehavior.Environment.EpisodeLength.sum": {
            "value": 10183.0,
            "min": 9767.0,
            "max": 10183.0,
            "count": 7
        },
        "EvaderBehavior.Environment.CumulativeReward.mean": {
            "value": 15.987737227888669,
            "min": -26.46355591165392,
            "max": 15.987737227888669,
            "count": 7
        },
        "EvaderBehavior.Environment.CumulativeReward.sum": {
            "value": 271.79153287410736,
            "min": -502.8075623214245,
            "max": 271.79153287410736,
            "count": 7
        },
        "EvaderBehavior.Policy.ExtrinsicReward.mean": {
            "value": 15.987737227888669,
            "min": -26.46355591165392,
            "max": 15.987737227888669,
            "count": 7
        },
        "EvaderBehavior.Policy.ExtrinsicReward.sum": {
            "value": 271.79153287410736,
            "min": -502.8075623214245,
            "max": 271.79153287410736,
            "count": 7
        },
        "EvaderBehavior.IsTraining.mean": {
            "value": 1.0,
            "min": 1.0,
            "max": 1.0,
            "count": 7
        },
        "EvaderBehavior.IsTraining.sum": {
            "value": 1.0,
            "min": 1.0,
            "max": 1.0,
            "count": 7
        },
        "ChaserBehavior.Policy.Entropy.mean": {
            "value": 1.4406168460845947,
            "min": 1.4189382791519165,
            "max": 1.4406168460845947,
            "count": 7
        },
        "ChaserBehavior.Policy.Entropy.sum": {
            "value": 14417.693359375,
            "min": 14204.212890625,
            "max": 14417.83984375,
            "count": 7
        },
        "ChaserBehavior.Step.mean": {
            "value": 69996.0,
            "min": 9992.0,
            "max": 69996.0,
            "count": 7
        },
        "ChaserBehavior.Step.sum": {
            "value": 69996.0,
            "min": 9992.0,
            "max": 69996.0,
            "count": 7
        },
        "ChaserBehavior.Policy.ExtrinsicValueEstimate.mean": {
            "value": 7.450558662414551,
            "min": 0.7422459125518799,
            "max": 7.450558662414551,
            "count": 7
        },
        "ChaserBehavior.Policy.ExtrinsicValueEstimate.sum": {
            "value": 1244.2432861328125,
            "min": 125.43955993652344,
            "max": 1244.2432861328125,
            "count": 7
        },
        "ChaserBehavior.Environment.EpisodeLength.mean": {
            "value": 599.0,
            "min": 447.3636363636364,
            "max": 599.0,
            "count": 7
        },
        "ChaserBehavior.Environment.EpisodeLength.sum": {
            "value": 10183.0,
            "min": 9767.0,
            "max": 10183.0,
            "count": 7
        },
        "ChaserBehavior.Environment.CumulativeReward.mean": {
            "value": 0.7085706361514681,
            "min": 0.7085706361514681,
            "max": 49.10054901242256,
            "count": 7
        },
        "ChaserBehavior.Environment.CumulativeReward.sum": {
            "value": 12.045700814574957,
            "min": 12.045700814574957,
            "max": 932.9104312360287,
            "count": 7
        },
        "ChaserBehavior.Policy.ExtrinsicReward.mean": {
            "value": 0.7085706361514681,
            "min": 0.7085706361514681,
            "max": 49.10054901242256,
            "count": 7
        },
        "ChaserBehavior.Policy.ExtrinsicReward.sum": {
            "value": 12.045700814574957,
            "min": 12.045700814574957,
            "max": 932.9104312360287,
            "count": 7
        },
        "ChaserBehavior.IsTraining.mean": {
            "value": 1.0,
            "min": 1.0,
            "max": 1.0,
            "count": 7
        },
        "ChaserBehavior.IsTraining.sum": {
            "value": 1.0,
            "min": 1.0,
            "max": 1.0,
            "count": 7
        },
        "EvaderBehavior.Losses.PolicyLoss.mean": {
            "value": 0.017606832096741225,
            "min": 0.017606832096741225,
            "max": 0.02843572162091732,
            "count": 6
        },
        "EvaderBehavior.Losses.PolicyLoss.sum": {
            "value": 0.017606832096741225,
            "min": 0.017606832096741225,
            "max": 0.02843572162091732,
            "count": 6
        },
        "EvaderBehavior.Losses.ValueLoss.mean": {
            "value": 0.9283869047959645,
            "min": 0.5865668048461278,
            "max": 2.041886603832245,
            "count": 6
        },
        "EvaderBehavior.Losses.ValueLoss.sum": {
            "value": 0.9283869047959645,
            "min": 0.5865668048461278,
            "max": 2.041886603832245,
            "count": 6
        },
        "EvaderBehavior.Policy.LearningRate.mean": {
            "value": 0.00026304241231920006,
            "min": 0.00026304241231920006,
            "max": 0.0002938512020496,
            "count": 6
        },
        "EvaderBehavior.Policy.LearningRate.sum": {
            "value": 0.00026304241231920006,
            "min": 0.00026304241231920006,
            "max": 0.0002938512020496,
            "count": 6
        },
        "EvaderBehavior.Policy.Epsilon.mean": {
            "value": 0.18768079999999998,
            "min": 0.18768079999999998,
            "max": 0.19795039999999997,
            "count": 6
        },
        "EvaderBehavior.Policy.Epsilon.sum": {
            "value": 0.18768079999999998,
            "min": 0.18768079999999998,
            "max": 0.19795039999999997,
            "count": 6
        },
        "EvaderBehavior.Policy.Beta.mean": {
            "value": 0.00438527192,
            "min": 0.00438527192,
            "max": 0.004897724959999999,
            "count": 6
        },
        "EvaderBehavior.Policy.Beta.sum": {
            "value": 0.00438527192,
            "min": 0.00438527192,
            "max": 0.004897724959999999,
            "count": 6
        },
        "ChaserBehavior.Losses.PolicyLoss.mean": {
            "value": 0.025025583632911245,
            "min": 0.017757969008137784,
            "max": 0.027082747297633127,
            "count": 6
        },
        "ChaserBehavior.Losses.PolicyLoss.sum": {
            "value": 0.025025583632911245,
            "min": 0.017757969008137784,
            "max": 0.027082747297633127,
            "count": 6
        },
        "ChaserBehavior.Losses.ValueLoss.mean": {
            "value": 3.935433538754781,
            "min": 2.325056799252828,
            "max": 3.935433538754781,
            "count": 6
        },