{
    "name": "root",
    "gauges": {
        "ChaserBehavior.Policy.Entropy.mean": {
            "value": 1.4229687452316284,
            "min": 1.4189382791519165,
            "max": 1.4229687452316284,
            "count": 3
        },
        "ChaserBehavior.Policy.Entropy.sum": {
            "value": 14205.4970703125,
            "min": 14205.4970703125,
            "max": 14257.4921875,
            "count": 3
        },
        "ChaserBehavior.Step.mean": {
            "value": 29961.0,
            "min": 9984.0,
            "max": 29961.0,
            "count": 3
        },
        "ChaserBehavior.Step.sum": {
            "value": 29961.0,
            "min": 9984.0,
            "max": 29961.0,
            "count": 3
        },
        "ChaserBehavior.Policy.ExtrinsicValueEstimate.mean": {
            "value": -9.151162147521973,
            "min": -11.437576293945312,
            "max": -7.372531890869141,
            "count": 3
        },
        "ChaserBehavior.Policy.ExtrinsicValueEstimate.sum": {
            "value": -1528.2440185546875,
            "min": -1910.0753173828125,
            "max": -1223.84033203125,
            "count": 3
        },
        "ChaserBehavior.Environment.EpisodeLength.mean": {
            "value": 560.7222222222222,
            "min": 539.4444444444445,
            "max": 560.7222222222222,
            "count": 3
        },
        "ChaserBehavior.Environment.EpisodeLength.sum": {
            "value": 10093.0,
            "min": 9710.0,
            "max": 10093.0,
            "count": 3
        },
        "ChaserBehavior.Environment.CumulativeReward.mean": {
            "value": -0.7822461277246475,
            "min": -10.688911807619863,
            "max": 4.358496737873389,
            "count": 3
        },
        "ChaserBehavior.Environment.CumulativeReward.sum": {
            "value": -14.080430299043655,
            "min": -192.40041253715754,
            "max": 78.452941281721,
            "count": 3
        },
        "ChaserBehavior.Policy.ExtrinsicReward.mean": {
            "value": -0.7822461277246475,
            "min": -10.688911807619863,
            "max": 4.358496737873389,
            "count": 3
        },
        "ChaserBehavior.Policy.ExtrinsicReward.sum": {
            "value": -14.080430299043655,
            "min": -192.40041253715754,
            "max": 78.452941281721,
            "count": 3
        },
        "ChaserBehavior.IsTraining.mean": {
            "value": 1.0,
            "min": 1.0,
            "max": 1.0,
            "count": 3
        },
        "ChaserBehavior.IsTraining.sum": {
            "value": 1.0,
            "min": 1.0,
            "max": 1.0,
            "count": 3
        },
        "EvaderBehavior.Policy.Entropy.mean": {
            "value": 1.4223297834396362,
            "min": 1.4189382791519165,
            "max": 1.4223297834396362,
            "count": 3
        },
        "EvaderBehavior.Policy.Entropy.sum": {
            "value": 14199.1181640625,
            "min": 14190.427734375,
            "max": 14257.4921875,
            "count": 3
        },
        "EvaderBehavior.Step.mean": {
            "value": 29961.0,
            "min": 9984.0,
            "max": 29961.0,
            "count": 3
        },
        "EvaderBehavior.Step.sum": {
            "value": 29961.0,
            "min": 9984.0,
            "max": 29961.0,
            "count": 3
        },
        "EvaderBehavior.Policy.ExtrinsicValueEstimate.mean": {
            "value": 44.979183197021484,
            "min": 34.41449737548828,
            "max": 56.068359375,
            "count": 3
        },
        "EvaderBehavior.Policy.ExtrinsicValueEstimate.sum": {
            "value": 7511.5234375,
            "min": 5712.806640625,
            "max": 9363.416015625,
            "count": 3
        },
        "EvaderBehavior.Environment.EpisodeLength.mean": {
            "value": 560.7222222222222,
            "min": 539.4444444444445,
            "max": 560.7222222222222,
            "count": 3
        },
        "EvaderBehavior.Environment.EpisodeLength.sum": {
            "value": 10093.0,
            "min": 9710.0,
            "max": 10093.0,
            "count": 3
        },
        "EvaderBehavior.Environment.CumulativeReward.mean": {
            "value": -2.405392405887445,
            "min": -2.405392405887445,
            "max": 4.5528570885459585,
            "count": 3
        },
        "EvaderBehavior.Environment.CumulativeReward.sum": {
            "value": -43.29706330597401,
            "min": -43.29706330597401,
            "max": 81.95142759382725,
            "count": 3
        },
        "EvaderBehavior.Policy.ExtrinsicReward.mean": {
            "value": -2.405392405887445,
            "min": -2.405392405887445,
            "max": 4.5528570885459585,
            "count": 3
        },
        "EvaderBehavior.Policy.ExtrinsicReward.sum": {
            "value": -43.29706330597401,
            "min": -43.29706330597401,
            "max": 81.95142759382725,
            "count": 3
        },
        "EvaderBehavior.IsTraining.mean": {
            "value": 1.0,
            "min": 1.0,
            "max": 1.0,
            "count": 3
        },
        "EvaderBehavior.IsTraining.sum": {
            "value": 1.0,
            "min": 1.0,
            "max": 1.0,
            "count": 3
        },
        "ChaserBehavior.Losses.PolicyLoss.mean": {
            "value": 0.02488959990441799,
            "min": 0.02488959990441799,
            "max": 0.025018345518037676,
            "count": 2
        },
        "ChaserBehavior.Losses.PolicyLoss.sum": {
            "value": 0.02488959990441799,
            "min": 0.02488959990441799,
            "max": 0.025018345518037676,
            "count": 2
        },
        "ChaserBehavior.Losses.ValueLoss.mean": {
            "value": 8.495336023966471,
            "min": 8.495336023966471,
            "max": 8.64378228187561,
            "count": 2
        },
        "ChaserBehavior.Losses.ValueLoss.sum": {
            "value": 8.495336023966471,
            "min": 8.495336023966471,
            "max": 8.64378228187561,
            "count": 2
        },
        "ChaserBehavior.Policy.LearningRate.mean": {
            "value": 0.0002876532041156,
            "min": 0.0002876532041156,
            "max": 0.0002938176020608,
            "count": 2
        },
        "ChaserBehavior.Policy.LearningRate.sum": {
            "value": 0.0002876532041156,
            "min": 0.0002876532041156,
            "max": 0.0002938176020608,
            "count": 2
        },
        "ChaserBehavior.Policy.Epsilon.mean": {
            "value": 0.1958844,
            "min": 0.1958844,
            "max": 0.1979392000000001,
            "count": 2
        },
        "ChaserBehavior.Policy.Epsilon.sum": {
            "value": 0.1958844,
            "min": 0.1958844,
            "max": 0.1979392000000001,
            "count": 2
        },
        "ChaserBehavior.Policy.Beta.mean": {
            "value": 0.004794631560000001,
            "min": 0.004794631560000001,
            "max": 0.0048971660799999985,
            "count": 2
        },
        "ChaserBehavior.Policy.Beta.sum": {
            "value": 0.004794631560000001,
            "min": 0.004794631560000001,
            "max": 0.0048971660799999985,
            "count": 2
        },
        "EvaderBehavior.Losses.PolicyLoss.mean": {
            "value": 0.02692140646589299,
            "min": 0.02554824116329352,
            "max": 0.02692140646589299,
            "count": 2
        },
        "EvaderBehavior.Losses.PolicyLoss.sum": {
            "value": 0.02692140646589299,
            "min": 0.02554824116329352,
            "max": 0.02692140646589299,
            "count": 2
        },
        "EvaderBehavior.Losses.ValueLoss.mean": {
            "value": 251.7607192993164,
            "min": 168.35594482421874,
            "max": 251.7607192993164,
            "count": 2
        },