{"count":1,"self":217.98205439999998,"total":1420.5227988,"children":{"InitializeActuators":{"count":16,"self":0.0020201999999999998,"total":0.0020201999999999998,"children":null},"InitializeSensors":{"count":16,"self":0.0025193,"total":0.0025193,"children":null},"AgentInfo.ToProto":{"count":291,"self":0.0025878999999999997,"total":0.029811999999999998,"children":{"GenerateSensorData":{"count":291,"self":0.0257182,"total":0.027224099999999998,"children":{"RayPerceptionSensor.Perceive":{"count":291,"self":0.0015059,"total":0.0015059,"children":null}}}}},"AgentSendState":{"count":1399768,"self":37.069936,"total":98.8102095,"children":{"CollectObservations":{"count":559908,"self":1.0683973,"total":1.0683973,"children":null},"WriteActionMask":{"count":559908,"self":0.1590545,"total":0.1590545,"children":null},"RequestDecision":{"count":559908,"self":1.1493048,"total":60.512822099999994,"children":{"AgentInfo.ToProto":{"count":559908,"self":1.0754652999999998,"total":59.3635173,"children":{"GenerateSensorData":{"count":559908,"self":57.3915456,"total":58.288052,"children":{"RayPerceptionSensor.Perceive":{"count":559908,"self":0.8965094,"total":0.8965094,"children":null}}}}}}}}},"DecideAction":{"count":1399768,"self":1099.7297151999999,"total":1099.7297466,"children":null},"AgentAct":{"count":1399768,"self":3.8798131999999996,"total":3.9649204,"children":{"AgentInfo.ToProto":{"count":844,"self":0.0025247,"total":0.0851073,"children":{"GenerateSensorData":{"count":844,"self":0.0820793,"total":0.082582599999999992,"children":{"RayPerceptionSensor.Perceive":{"count":844,"self":0.00050329999999999993,"total":0.00050329999999999993,"children":null}}}}}}}},"gauges":{"EvaderBehavior.CumulativeReward":{"count":563,"max":102.123024,"min":-86.3231659,"runningAverage":13.0732479,"value":32.7102928,"weightedAverage":26.8919735},"ChaserBehavior.CumulativeReward":{"count":563,"max":474.0189,"min":-519.5686,"runningAverage":-97.4528961,"value":-157.79921,"weightedAverage":-159.831238}},"metadata":{"timer_format_version":"0.1.0","start_time_seconds":"1764491565","unity_version":"6000.2.12f1","command_line_arguments":"C:\\Program Files\\Unity\\Hub\\Editor\\6000.2.12f1\\Editor\\Unity.exe -projectpath D:\\.Files\\Work\\Habib\\Final Year Project\\Repository\\adaptive_ai_boss\\AdaptiveBossAI_Prototype -acceptSoftwareTermsForThisRunOnly -useHub -hubIPC -cloudEnvironment production","communication_protocol_version":"1.5.0","com.unity.ml-agents_version":"4.0.0","scene_name":"Scene 3","end_time_seconds":"1764492986"}}