{
    "name": "root",
    "metadata": {
        "timer_format_version": "0.1.0",
        "start_time_seconds": "1764261039",
        "python_version": "3.10.11 (tags/v3.10.11:7d4cc5a, Apr  5 2023, 00:38:17) [MSC v.1929 64 bit (AMD64)]",
        "command_line_arguments": "D:\\.Files\\Work\\Habib\\Final Year Project\\AdaptiveBossAI_Prototype\\mlagents-env\\Scripts\\mlagents-learn chase_config.yaml --run-id=ChaseTest1 --force",
        "mlagents_version": "1.1.0",
        "mlagents_envs_version": "1.1.0",
        "communication_protocol_version": "1.5.0",
        "pytorch_version": "1.13.1+cpu",
        "numpy_version": "1.23.5",
        "end_time_seconds": "1764261049"
    },
    "total": 9.90691560000002,
    "count": 1,
    "self": 0.0051763000000448756,
    "children": {
        "run_training.setup": {
            "total": 0.06653929999998809,
            "count": 1,
            "self": 0.06653929999998809
        },
        "TrainerController.start_learning": {
            "total": 9.835199999999986,
            "count": 1,
            "self": 0.0024647999997000625,
            "children": {
                "TrainerController._reset_env": {
                    "total": 4.9201664999999934,
                    "count": 1,
                    "self": 4.9201664999999934
                },
                "TrainerController.advance": {
                    "total": 4.762521800000258,
                    "count": 194,
                    "self": 0.002569100000215485,
                    "children": {
                        "env_step": {
                            "total": 4.733621400000061,
                            "count": 194,
                            "self": 4.427621700000145,
                            "children": {
                                "SubprocessEnvManager._take_step": {
                                    "total": 0.3046153999999035,
                                    "count": 194,
                                    "self": 0.01069620000004079,
                                    "children": {
                                        "TorchPolicy.evaluate": {
                                            "total": 0.2939191999998627,
                                            "count": 388,
                                            "self": 0.2939191999998627
                                        }
                                    }
                                },
                                "workers": {
                                    "total": 0.0013843000000122174,
                                    "count": 193,
                                    "self": 0.0,
                                    "children": {
                                        "worker_root": {
                                            "total": 2.4008726000001843,
                                            "count": 193,
                                            "is_parallel": true,
                                            "self": 0.5015413000001843,
                                            "children": {
                                                "steps_from_proto": {
                                                    "total": 0.0004805999999746291,
                                                    "count": 2,
                                                    "is_parallel": true,
                                                    "self": 0.00021989999993365927,
                                                    "children": {
                                                        "_process_rank_one_or_two_observation": {
                                                            "total": 0.0002607000000409698,
                                                            "count": 8,
                                                            "is_parallel": true,
                                                            "self": 0.0002607000000409698
                                                        }
                                                    }
                                                },
                                                "UnityEnvironment.step": {
                                                    "total": 1.8988507000000254,
                                                    "count": 193,
                                                    "is_parallel": true,
                                                    "self": 0.013461600000226781,
                                                    "children": {
                                                        "UnityEnvironment._generate_step_input": {
                                                            "total": 0.011970500000046513,
                                                            "count": 193,
                                                            "is_parallel": true,
                                                            "self": 0.011970500000046513
                                                        },
                                                        "communicator.exchange": {
                                                            "total": 1.8104618999999218,
                                                            "count": 193,
                                                            "is_parallel": true,
                                                            "self": 1.8104618999999218
                                                        },
                                                        "steps_from_proto": {
                                                            "total": 0.06295669999983033,
                                                            "count": 386,
                                                            "is_parallel": true,
                                                            "self": 0.035559099999773025,
                                                            "children": {
                                                                "_process_rank_one_or_two_observation": {
                                                                    "total": 0.02739760000005731,
                                                                    "count": 1544,
                                                                    "is_parallel": true,
                                                                    "self": 0.02739760000005731
                                                                }
                                                            }
                                                        }
                                                    }
                                                }
                                            }
                                        }
                                    }
                                }
                            }
                        },
                        "trainer_advance": {
                            "total": 0.026331299999981184,
                            "count": 386,
                            "self": 0.003093699999396904,
                            "children": {
                                "process_trajectory": {
                                    "total": 0.02323760000058428,
                                    "count": 386,
                                    "self": 0.02323760000058428
                                }
                            }
                        }
                    }
                },
                "trainer_threads": {
                    "total": 1.0000000258969521e-06,
                    "count": 1,
                    "self": 1.0000000258969521e-06
                },
                "TrainerController._save_models": {
                    "total": 0.15004590000000917,
                    "count": 1,
                    "self": 0.020832399999989093,