{
    "name": "root",
    "metadata": {
        "timer_format_version": "0.1.0",
        "start_time_seconds": "1764484589",
        "python_version": "3.10.11 (tags/v3.10.11:7d4cc5a, Apr  5 2023, 00:38:17) [MSC v.1929 64 bit (AMD64)]",
        "command_line_arguments": "D:\\.Files\\Work\\Habib\\Final Year Project\\Repository\\adaptive_ai_boss\\AdaptiveBossAI_Prototype\\mlagents-env\\Scripts\\mlagents-learn chase_config.yaml --run-id=ChaseTest1 --force",
        "mlagents_version": "1.1.0",
        "mlagents_envs_version": "1.1.0",
        "communication_protocol_version": "1.5.0",
        "pytorch_version": "1.13.1+cpu",
        "numpy_version": "1.23.5",
        "end_time_seconds": "1764484659"
    },
    "total": 70.34996079999996,
    "count": 1,
    "self": 0.005366500000036467,
    "children": {
        "run_training.setup": {
            "total": 0.0634216999999353,
            "count": 1,
            "self": 0.0634216999999353
        },
        "TrainerController.start_learning": {
            "total": 70.28117259999999,
            "count": 1,
            "self": 0.004517899999882502,
            "children": {
                "TrainerController._reset_env": {
                    "total": 5.03576350000003,
                    "count": 1,
                    "self": 5.03576350000003
                },
                "TrainerController.advance": {
                    "total": 65.10958310000001,
                    "count": 364,
                    "self": 0.005074100000001636,
                    "children": {
                        "env_step": {
                            "total": 65.0668063999999,
                            "count": 364,
                            "self": 64.53729709999584,
                            "children": {
                                "SubprocessEnvManager._take_step": {
                                    "total": 0.5267856000018583,
                                    "count": 364,
                                    "self": 0.021146900004623603,
                                    "children": {
                                        "TorchPolicy.evaluate": {
                                            "total": 0.5056386999972347,
                                            "count": 728,
                                            "self": 0.5056386999972347
                                        }
                                    }
                                },
                                "workers": {
                                    "total": 0.002723700002206897,
                                    "count": 363,
                                    "self": 0.0,
                                    "children": {
                                        "worker_root": {
                                            "total": 3.6194555999986733,
                                            "count": 363,
                                            "is_parallel": true,
                                            "self": 0.8395149999971636,
                                            "children": {
                                                "steps_from_proto": {
                                                    "total": 0.0004387000001315755,
                                                    "count": 2,
                                                    "is_parallel": true,
                                                    "self": 0.00021590000028481882,
                                                    "children": {
                                                        "_process_rank_one_or_two_observation": {
                                                            "total": 0.0002227999998467567,
                                                            "count": 8,
                                                            "is_parallel": true,
                                                            "self": 0.0002227999998467567
                                                        }
                                                    }
                                                },
                                                "UnityEnvironment.step": {
                                                    "total": 2.779501900001378,
                                                    "count": 363,
                                                    "is_parallel": true,
                                                    "self": 0.026456899999402594,
                                                    "children": {
                                                        "UnityEnvironment._generate_step_input": {
                                                            "total": 0.02137099999822567,
                                                            "count": 363,
                                                            "is_parallel": true,
                                                            "self": 0.02137099999822567
                                                        },
                                                        "communicator.exchange": {
                                                            "total": 2.606056500000932,
                                                            "count": 363,
                                                            "is_parallel": true,
                                                            "self": 2.606056500000932
                                                        },
                                                        "steps_from_proto": {
                                                            "total": 0.1256175000028179,
                                                            "count": 726,
                                                            "is_parallel": true,
                                                            "self": 0.07071489999543701,
                                                            "children": {
                                                                "_process_rank_one_or_two_observation": {
                                                                    "total": 0.0549026000073809,
                                                                    "count": 2904,
                                                                    "is_parallel": true,
                                                                    "self": 0.0549026000073809
                                                                }
                                                            }
                                                        }
                                                    }
                                                }
                                            }
                                        }
                                    }
                                }
                            }
                        },
                        "trainer_advance": {
                            "total": 0.03770260000010239,
                            "count": 726,
                            "self": 0.006452999999282838,
                            "children": {
                                "process_trajectory": {
                                    "total": 0.031249600000819555,
                                    "count": 726,
                                    "self": 0.031249600000819555
                                }
                            }
                        }
                    }
                },
                "TrainerController._save_models": {
                    "total": 0.13130810000006932,
                    "count": 1,
                    "self": 0.028957600000012462,
                    "children": {
                        "RLTrainer._checkpoint": {
                            "total": 0.10235050000005685,
                            "count": 2,