{
    "name": "root",
    "metadata": {
        "timer_format_version": "0.1.0",
        "start_time_seconds": "1764512909",
        "python_version": "3.10.11 (tags/v3.10.11:7d4cc5a, Apr  5 2023, 00:38:17) [MSC v.1929 64 bit (AMD64)]",
        "command_line_arguments": "E:\\adaptive_ai_boss\\AdaptiveBossAI_Prototype\\mlagents-env\\Scripts\\mlagents-learn chase_config.yaml --run-id=ChaseTest1 --resume",
        "mlagents_version": "1.1.0",
        "mlagents_envs_version": "1.1.0",
        "communication_protocol_version": "1.5.0",
        "pytorch_version": "1.13.1+cpu",
        "numpy_version": "1.23.5",
        "end_time_seconds": "1764512940"
    },
    "total": 30.409457899997506,
    "count": 1,
    "self": 0.0057867999967129435,
    "children": {
        "run_training.setup": {
            "total": 0.107457300000533,
            "count": 1,
            "self": 0.107457300000533
        },
        "TrainerController.start_learning": {
            "total": 30.29621380000026,
            "count": 1,
            "self": 0.054758899939770345,
            "children": {
                "TrainerController._reset_env": {
                    "total": 5.517754699998477,
                    "count": 1,
                    "self": 5.517754699998477
                },
                "TrainerController.advance": {
                    "total": 24.57760300006339,
                    "count": 4060,
                    "self": 0.05890240024382365,
                    "children": {
                        "env_step": {
                            "total": 23.97599889981211,
                            "count": 4060,
                            "self": 17.45845389992246,
                            "children": {
                                "SubprocessEnvManager._take_step": {
                                    "total": 6.4839534000675485,
                                    "count": 4060,
                                    "self": 0.24601950018768548,
                                    "children": {
                                        "TorchPolicy.evaluate": {
                                            "total": 6.237933899879863,
                                            "count": 8102,
                                            "self": 6.237933899879863
                                        }
                                    }
                                },
                                "workers": {
                                    "total": 0.03359159982210258,
                                    "count": 4059,
                                    "self": 0.0,
                                    "children": {
                                        "worker_root": {
                                            "total": 20.967136500101333,
                                            "count": 4059,
                                            "is_parallel": true,
                                            "self": 10.270171700172796,
                                            "children": {
                                                "steps_from_proto": {
                                                    "total": 0.0004761000018334016,
                                                    "count": 2,
                                                    "is_parallel": true,
                                                    "self": 0.00023239999791258015,
                                                    "children": {
                                                        "_process_rank_one_or_two_observation": {
                                                            "total": 0.00024370000392082147,
                                                            "count": 8,
                                                            "is_parallel": true,
                                                            "self": 0.00024370000392082147
                                                        }
                                                    }
                                                },
                                                "UnityEnvironment.step": {
                                                    "total": 10.696488699926704,
                                                    "count": 4059,
                                                    "is_parallel": true,
                                                    "self": 0.30188879962224746,
                                                    "children": {
                                                        "UnityEnvironment._generate_step_input": {
                                                            "total": 0.2410932001148467,
                                                            "count": 4059,
                                                            "is_parallel": true,
                                                            "self": 0.2410932001148467
                                                        },
                                                        "communicator.exchange": {
                                                            "total": 8.781443300074898,
                                                            "count": 4059,
                                                            "is_parallel": true,
                                                            "self": 8.781443300074898
                                                        },
                                                        "steps_from_proto": {
                                                            "total": 1.3720634001147118,
                                                            "count": 8118,
                                                            "is_parallel": true,
                                                            "self": 0.7674998005459202,
                                                            "children": {
                                                                "_process_rank_one_or_two_observation": {
                                                                    "total": 0.6045635995687917,
                                                                    "count": 32472,
                                                                    "is_parallel": true,
                                                                    "self": 0.6045635995687917
                                                                }
                                                            }
                                                        }
                                                    }
                                                }
                                            }
                                        }
                                    }
                                }
                            }
                        },
                        "trainer_advance": {
                            "total": 0.5427017000074557,
                            "count": 8118,
                            "self": 0.08715200002552592,
                            "children": {
                                "process_trajectory": {
                                    "total": 0.45554969998192973,
                                    "count": 8118,
                                    "self": 0.45554969998192973
                                }
                            }
                        }
                    }
                },
                "trainer_threads": {
                    "total": 7.999988156370819e-07,
                    "count": 1,
                    "self": 7.999988156370819e-07
                },
                "TrainerController._save_models": {
                    "total": 0.14609639999980573,
                    "count": 1,
                    "self": 0.026377899997896748,