{
    "name": "root",
    "gauges": {
        "EvaderBehavior.Policy.Entropy.mean": {
            "value": 1.4176509380340576,
            "min": 1.4162898063659668,
            "max": 1.4189382791519165,
            "count": 6
        },
        "EvaderBehavior.Policy.Entropy.sum": {
            "value": 14197.7744140625,
            "min": 14127.490234375,
            "max": 14257.4921875,
            "count": 6
        },
        "EvaderBehavior.Step.mean": {
            "value": 59965.0,
            "min": 9984.0,
            "max": 59965.0,
            "count": 6
        },
        "EvaderBehavior.Step.sum": {
            "value": 59965.0,
            "min": 9984.0,
            "max": 59965.0,
            "count": 6
        },
        "EvaderBehavior.Policy.ExtrinsicValueEstimate.mean": {
            "value": -0.997371256351471,
            "min": -0.997371256351471,
            "max": 0.9953901767730713,
            "count": 6
        },
        "EvaderBehavior.Policy.ExtrinsicValueEstimate.sum": {
            "value": -186.5084228515625,
            "min": -186.5084228515625,
            "max": 165.23477172851562,
            "count": 6
        },
        "EvaderBehavior.Environment.EpisodeLength.mean": {
            "value": 178.30188679245282,
            "min": 178.30188679245282,
            "max": 599.0,
            "count": 6
        },
        "EvaderBehavior.Environment.EpisodeLength.sum": {
            "value": 9450.0,
            "min": 9450.0,
            "max": 10207.0,
            "count": 6
        },
        "EvaderBehavior.Environment.CumulativeReward.mean": {
            "value": -19.034322698359137,
            "min": -28.153748745598445,
            "max": 60.29128182306886,
            "count": 6
        },
        "EvaderBehavior.Environment.CumulativeReward.sum": {
            "value": -1027.8534257113934,
            "min": -1359.935319274664,
            "max": 964.6605091691017,
            "count": 6
        },
        "EvaderBehavior.Policy.ExtrinsicReward.mean": {
            "value": -19.034322698359137,
            "min": -28.153748745598445,
            "max": 60.29128182306886,
            "count": 6
        },
        "EvaderBehavior.Policy.ExtrinsicReward.sum": {
            "value": -1027.8534257113934,
            "min": -1359.935319274664,
            "max": 964.6605091691017,
            "count": 6
        },
        "EvaderBehavior.IsTraining.mean": {
            "value": 1.0,
            "min": 1.0,
            "max": 1.0,
            "count": 6
        },
        "EvaderBehavior.IsTraining.sum": {
            "value": 1.0,
            "min": 1.0,
            "max": 1.0,
            "count": 6
        },
        "ChaserBehavior.Policy.Entropy.mean": {
            "value": 1.4220906496047974,
            "min": 1.4189382791519165,
            "max": 1.4231514930725098,
            "count": 6
        },
        "ChaserBehavior.Policy.Entropy.sum": {
            "value": 14242.2373046875,
            "min": 14184.6572265625,
            "max": 14257.4921875,
            "count": 6
        },
        "ChaserBehavior.Step.mean": {
            "value": 59965.0,
            "min": 9984.0,
            "max": 59965.0,
            "count": 6
        },
        "ChaserBehavior.Step.sum": {
            "value": 59965.0,
            "min": 9984.0,
            "max": 59965.0,
            "count": 6
        },
        "ChaserBehavior.Policy.ExtrinsicValueEstimate.mean": {
            "value": -0.1141597107052803,
            "min": -0.8940053582191467,
            "max": -0.0897475928068161,
            "count": 6
        },
        "ChaserBehavior.Policy.ExtrinsicValueEstimate.sum": {
            "value": -21.34786605834961,
            "min": -151.0239715576172,
            "max": -14.898099899291992,
            "count": 6
        },
        "ChaserBehavior.Environment.EpisodeLength.mean": {
            "value": 178.30188679245282,
            "min": 178.30188679245282,
            "max": 599.0,
            "count": 6
        },
        "ChaserBehavior.Environment.EpisodeLength.sum": {
            "value": 9450.0,
            "min": 9450.0,
            "max": 10207.0,
            "count": 6
        },
        "ChaserBehavior.Environment.CumulativeReward.mean": {
            "value": 50.234512149183836,
            "min": -227.86639082618058,
            "max": 104.40311885025443,
            "count": 6
        },
        "ChaserBehavior.Environment.CumulativeReward.sum": {
            "value": 2712.6636560559273,
            "min": -3645.8622532188892,
            "max": 4842.373329639435,
            "count": 6
        },
        "ChaserBehavior.Policy.ExtrinsicReward.mean": {
            "value": 50.234512149183836,
            "min": -227.86639082618058,
            "max": 104.40311885025443,
            "count": 6
        },
        "ChaserBehavior.Policy.ExtrinsicReward.sum": {
            "value": 2712.6636560559273,
            "min": -3645.8622532188892,
            "max": 4842.373329639435,
            "count": 6
        },
        "ChaserBehavior.IsTraining.mean": {
            "value": 1.0,
            "min": 1.0,
            "max": 1.0,
            "count": 6
        },
        "ChaserBehavior.IsTraining.sum": {
            "value": 1.0,
            "min": 1.0,
            "max": 1.0,
            "count": 6
        },
        "EvaderBehavior.Losses.PolicyLoss.mean": {
            "value": 0.022825062077026816,
            "min": 0.021745503298006952,
            "max": 0.028970645298250018,
            "count": 5
        },
        "EvaderBehavior.Losses.PolicyLoss.sum": {
            "value": 0.022825062077026816,
            "min": 0.021745503298006952,
            "max": 0.028970645298250018,
            "count": 5
        },
        "EvaderBehavior.Losses.ValueLoss.mean": {
            "value": 16.410953839619953,
            "min": 4.1474172910054525,
            "max": 16.410953839619953,
            "count": 5
        },
        "EvaderBehavior.Losses.ValueLoss.sum": {
            "value": 16.410953839619953,
            "min": 4.1474172910054525,
            "max": 16.410953839619953,
            "count": 5
        },
        "EvaderBehavior.Policy.LearningRate.mean": {
            "value": 0.0002691984102672001,
            "min": 0.0002691984102672001,
            "max": 0.00029385540204819995,
            "count": 5
        },
        "EvaderBehavior.Policy.LearningRate.sum": {
            "value": 0.0002691984102672001,
            "min": 0.0002691984102672001,
            "max": 0.00029385540204819995,
            "count": 5
        },
        "EvaderBehavior.Policy.Epsilon.mean": {
            "value": 0.18973279999999995,
            "min": 0.18973279999999995,
            "max": 0.19795180000000007,
            "count": 5
        },
        "EvaderBehavior.Policy.Epsilon.sum": {
            "value": 0.18973279999999995,
            "min": 0.18973279999999995,
            "max": 0.19795180000000007,
            "count": 5
        },
        "EvaderBehavior.Policy.Beta.mean": {
            "value": 0.004487666720000001,
            "min": 0.004487666720000001,
            "max": 0.004897794819999999,
            "count": 5
        },
        "EvaderBehavior.Policy.Beta.sum": {
            "value": 0.004487666720000001,
            "min": 0.004487666720000001,
            "max": 0.004897794819999999,
            "count": 5
        },
        "ChaserBehavior.Losses.PolicyLoss.mean": {
            "value": 0.017922382304580726,
            "min": 0.017922382304580726,
            "max": 0.024174962503214676,
            "count": 5
        },
        "ChaserBehavior.Losses.PolicyLoss.sum": {
            "value": 0.017922382304580726,
            "min": 0.017922382304580726,
            "max": 0.024174962503214676,
            "count": 5
        },
        "ChaserBehavior.Losses.ValueLoss.mean": {
            "value": 140.7675521850586,
            "min": 59.30068117777507,