{
    "name": "root",
    "gauges": {
        "ChaserBehavior.Policy.Entropy.mean": {
            "value": 1.413963794708252,
            "min": 1.4136804342269897,
            "max": 1.4259310960769653,
            "count": 27
        },
        "ChaserBehavior.Policy.Entropy.sum": {
            "value": 14150.94921875,
            "min": 14118.9228515625,
            "max": 14290.681640625,
            "count": 27
        },
        "ChaserBehavior.Step.mean": {
            "value": 269969.0,
            "min": 9950.0,
            "max": 269969.0,
            "count": 27
        },
        "ChaserBehavior.Step.sum": {
            "value": 269969.0,
            "min": 9950.0,
            "max": 269969.0,
            "count": 27
        },
        "ChaserBehavior.Policy.ExtrinsicValueEstimate.mean": {
            "value": -22.88497543334961,
            "min": -22.984283447265625,
            "max": -0.00016909567057155073,
            "count": 27
        },
        "ChaserBehavior.Policy.ExtrinsicValueEstimate.sum": {
            "value": -3821.791015625,
            "min": -3821.791015625,
            "max": -0.027900785207748413,
            "count": 27
        },
        "ChaserBehavior.Environment.EpisodeLength.mean": {
            "value": 599.0,
            "min": 146.38235294117646,
            "max": 599.0,
            "count": 27
        },
        "ChaserBehavior.Environment.EpisodeLength.sum": {
            "value": 10183.0,
            "min": 9584.0,
            "max": 10250.0,
            "count": 27
        },
        "ChaserBehavior.Environment.CumulativeReward.mean": {
            "value": -163.1076038024005,
            "min": -227.15059558258338,
            "max": 91.37175680909839,
            "count": 27
        },
        "ChaserBehavior.Environment.CumulativeReward.sum": {
            "value": -2772.829264640808,
            "min": -3861.5601249039173,
            "max": 6077.493479788303,
            "count": 27
        },
        "ChaserBehavior.Policy.ExtrinsicReward.mean": {
            "value": -163.1076038024005,
            "min": -227.15059558258338,
            "max": 91.37175680909839,
            "count": 27
        },
        "ChaserBehavior.Policy.ExtrinsicReward.sum": {
            "value": -2772.829264640808,
            "min": -3861.5601249039173,
            "max": 6077.493479788303,
            "count": 27
        },
        "ChaserBehavior.IsTraining.mean": {
            "value": 1.0,
            "min": 1.0,
            "max": 1.0,
            "count": 27
        },
        "ChaserBehavior.IsTraining.sum": {
            "value": 1.0,
            "min": 1.0,
            "max": 1.0,
            "count": 27
        },
        "EvaderBehavior.Policy.Entropy.mean": {
            "value": 1.4008783102035522,
            "min": 1.400768756866455,
            "max": 1.42228102684021,
            "count": 27
        },
        "EvaderBehavior.Policy.Entropy.sum": {
            "value": 14019.990234375,
            "min": 13985.275390625,
            "max": 14269.3544921875,
            "count": 27
        },
        "EvaderBehavior.Step.mean": {
            "value": 269969.0,
            "min": 9950.0,
            "max": 269969.0,
            "count": 27
        },
        "EvaderBehavior.Step.sum": {
            "value": 269969.0,
            "min": 9950.0,
            "max": 269969.0,
            "count": 27
        },
        "EvaderBehavior.Policy.ExtrinsicValueEstimate.mean": {
            "value": 2.628023624420166,
            "min": -0.7448350787162781,
            "max": 3.621546983718872,
            "count": 27
        },
        "EvaderBehavior.Policy.ExtrinsicValueEstimate.sum": {
            "value": 438.87994384765625,
            "min": -142.2635040283203,
            "max": 604.79833984375,
            "count": 27
        },
        "EvaderBehavior.Environment.EpisodeLength.mean": {
            "value": 599.0,
            "min": 146.38235294117646,
            "max": 599.0,
            "count": 27
        },
        "EvaderBehavior.Environment.EpisodeLength.sum": {
            "value": 10183.0,
            "min": 9584.0,
            "max": 10250.0,
            "count": 27
        },
        "EvaderBehavior.Environment.CumulativeReward.mean": {
            "value": 19.438942469218198,
            "min": -25.01625681624693,
            "max": 56.08277790686663,
            "count": 27
        },
        "EvaderBehavior.Environment.CumulativeReward.sum": {
            "value": 330.46202197670937,
            "min": -1701.1054635047913,
            "max": 953.4072244167328,
            "count": 27
        },
        "EvaderBehavior.Policy.ExtrinsicReward.mean": {
            "value": 19.438942469218198,
            "min": -25.01625681624693,
            "max": 56.08277790686663,
            "count": 27
        },
        "EvaderBehavior.Policy.ExtrinsicReward.sum": {
            "value": 330.46202197670937,
            "min": -1701.1054635047913,
            "max": 953.4072244167328,
            "count": 27
        },
        "EvaderBehavior.IsTraining.mean": {
            "value": 1.0,
            "min": 1.0,
            "max": 1.0,
            "count": 27
        },
        "EvaderBehavior.IsTraining.sum": {
            "value": 1.0,
            "min": 1.0,
            "max": 1.0,
            "count": 27
        },
        "ChaserBehavior.Losses.PolicyLoss.mean": {
            "value": 0.023329672696612156,
            "min": 0.015989491635991726,
            "max": 0.03114642089155192,
            "count": 26
        },
        "ChaserBehavior.Losses.PolicyLoss.sum": {
            "value": 0.023329672696612156,
            "min": 0.015989491635991726,
            "max": 0.03114642089155192,
            "count": 26
        },
        "ChaserBehavior.Losses.ValueLoss.mean": {
            "value": 3.7798210700352985,
            "min": 3.7798210700352985,
            "max": 208.56532084147136,
            "count": 26
        },
        "ChaserBehavior.Losses.ValueLoss.sum": {
            "value": 3.7798210700352985,
            "min": 3.7798210700352985,
            "max": 208.56532084147136,
            "count": 26
        },
        "ChaserBehavior.Policy.LearningRate.mean": {
            "value": 0.00013981865339379997,
            "min": 0.00013981865339379997,
            "max": 0.00029383800205399997,
            "count": 26
        },
        "ChaserBehavior.Policy.LearningRate.sum": {
            "value": 0.00013981865339379997,
            "min": 0.00013981865339379997,
            "max": 0.00029383800205399997,
            "count": 26
        },
        "ChaserBehavior.Policy.Epsilon.mean": {
            "value": 0.1466062,
            "min": 0.1466062,
            "max": 0.197946,
            "count": 26
        },
        "ChaserBehavior.Policy.Epsilon.sum": {
            "value": 0.1466062,
            "min": 0.1466062,
            "max": 0.197946,
            "count": 26
        },
        "ChaserBehavior.Policy.Beta.mean": {
            "value": 0.0023356493799999998,
            "min": 0.0023356493799999998,
            "max": 0.0048975054,
            "count": 26
        },
        "ChaserBehavior.Policy.Beta.sum": {
            "value": 0.0023356493799999998,
            "min": 0.0023356493799999998,
            "max": 0.0048975054,
            "count": 26
        },
        "EvaderBehavior.Losses.PolicyLoss.mean": {
            "value": 0.02032737364837279,
            "min": 0.020065372503207377,
            "max": 0.032147366673840834,
            "count": 26
        },
        "EvaderBehavior.Losses.PolicyLoss.sum": {
            "value": 0.02032737364837279,
            "min": 0.020065372503207377,
            "max": 0.032147366673840834,
            "count": 26
        },
        "EvaderBehavior.Losses.ValueLoss.mean": {
            "value": 0.7678837219874064,
            "min": 0.6440281907717387,
            "max": 18.198709456125894,
            "count": 26
        },