{
    "name": "root",
    "metadata": {
        "timer_format_version": "0.1.0",
        "start_time_seconds": "1764522943",
        "python_version": "3.10.11 (tags/v3.10.11:7d4cc5a, Apr  5 2023, 00:38:17) [MSC v.1929 64 bit (AMD64)]",
        "command_line_arguments": "E:\\adaptive_ai_boss\\AdaptiveBossAI_Prototype\\mlagents-env\\Scripts\\mlagents-learn chase_config.yaml --run-id=ChaseTest2 --resume",
        "mlagents_version": "1.1.0",
        "mlagents_envs_version": "1.1.0",
        "communication_protocol_version": "1.5.0",
        "pytorch_version": "1.13.1+cpu",
        "numpy_version": "1.23.5",
        "end_time_seconds": "1764522971"
    },
    "total": 28.17605739999999,
    "count": 1,
    "self": 0.005249300000286894,
    "children": {
        "run_training.setup": {
            "total": 0.09592759999941336,
            "count": 1,
            "self": 0.09592759999941336
        },
        "TrainerController.start_learning": {
            "total": 28.07488050000029,
            "count": 1,
            "self": 0.028516299949842505,
            "children": {
                "TrainerController._reset_env": {
                    "total": 10.758719899997232,
                    "count": 1,
                    "self": 10.758719899997232
                },
                "TrainerController.advance": {
                    "total": 17.140649200053304,
                    "count": 2134,
                    "self": 0.03199750003113877,
                    "children": {
                        "env_step": {
                            "total": 16.776194499991107,
                            "count": 2134,
                            "self": 13.45292660002815,
                            "children": {
                                "SubprocessEnvManager._take_step": {
                                    "total": 3.3058856999014097,
                                    "count": 2134,
                                    "self": 0.13153389999934006,
                                    "children": {
                                        "TorchPolicy.evaluate": {
                                            "total": 3.1743517999020696,
                                            "count": 4262,
                                            "self": 3.1743517999020696
                                        }
                                    }
                                },
                                "workers": {
                                    "total": 0.017382200061547337,
                                    "count": 2133,
                                    "self": 0.0,
                                    "children": {
                                        "worker_root": {
                                            "total": 11.586671499942895,
                                            "count": 2133,
                                            "is_parallel": true,
                                            "self": 5.366329999866139,
                                            "children": {
                                                "steps_from_proto": {
                                                    "total": 0.0006453000023611821,
                                                    "count": 2,
                                                    "is_parallel": true,
                                                    "self": 0.0002629000009619631,
                                                    "children": {
                                                        "_process_rank_one_or_two_observation": {
                                                            "total": 0.00038240000139921904,
                                                            "count": 8,
                                                            "is_parallel": true,
                                                            "self": 0.00038240000139921904
                                                        }
                                                    }
                                                },
                                                "UnityEnvironment.step": {
                                                    "total": 6.219696200074395,
                                                    "count": 2133,
                                                    "is_parallel": true,
                                                    "self": 0.16716110020934138,
                                                    "children": {
                                                        "UnityEnvironment._generate_step_input": {
                                                            "total": 0.13252030000148807,
                                                            "count": 2133,
                                                            "is_parallel": true,
                                                            "self": 0.13252030000148807
                                                        },
                                                        "communicator.exchange": {
                                                            "total": 5.162080699985381,
                                                            "count": 2133,
                                                            "is_parallel": true,
                                                            "self": 5.162080699985381
                                                        },
                                                        "steps_from_proto": {
                                                            "total": 0.7579340998781845,
                                                            "count": 4266,
                                                            "is_parallel": true,
                                                            "self": 0.418107800076541,
                                                            "children": {
                                                                "_process_rank_one_or_two_observation": {
                                                                    "total": 0.33982629980164347,
                                                                    "count": 17064,
                                                                    "is_parallel": true,
                                                                    "self": 0.33982629980164347
                                                                }
                                                            }
                                                        }
                                                    }
                                                }
                                            }
                                        }
                                    }
                                }
                            }
                        },
                        "trainer_advance": {
                            "total": 0.33245720003105816,
                            "count": 4266,
                            "self": 0.04772240014062845,
                            "children": {
                                "process_trajectory": {
                                    "total": 0.2847347998904297,
                                    "count": 4266,
                                    "self": 0.2847347998904297
                                }
                            }
                        }
                    }
                },
                "trainer_threads": {
                    "total": 8.999995770864189e-07,
                    "count": 1,
                    "self": 8.999995770864189e-07
                },
                "TrainerController._save_models": {
                    "total": 0.1469942000003357,
                    "count": 1,
                    "self": 0.03312200000073062,