{
    "name": "root",
    "gauges": {
        "EvaderBehavior.Policy.Entropy.mean": {
            "value": 1.4166687726974487,
            "min": 1.4166687726974487,
            "max": 1.4189382791519165,
            "count": 2
        },
        "EvaderBehavior.Policy.Entropy.sum": {
            "value": 14163.8544921875,
            "min": 14163.8544921875,
            "max": 14192.220703125,
            "count": 2
        },
        "EvaderBehavior.Step.mean": {
            "value": 19936.0,
            "min": 9938.0,
            "max": 19936.0,
            "count": 2
        },
        "EvaderBehavior.Step.sum": {
            "value": 19936.0,
            "min": 9938.0,
            "max": 19936.0,
            "count": 2
        },
        "EvaderBehavior.Policy.ExtrinsicValueEstimate.mean": {
            "value": -1.6497007608413696,
            "min": -1.6497007608413696,
            "max": -1.5351966619491577,
            "count": 2
        },
        "EvaderBehavior.Policy.ExtrinsicValueEstimate.sum": {
            "value": -300.24554443359375,
            "min": -300.24554443359375,
            "max": -264.0538330078125,
            "count": 2
        },
        "EvaderBehavior.Environment.EpisodeLength.mean": {
            "value": 223.30434782608697,
            "min": 221.1860465116279,
            "max": 223.30434782608697,
            "count": 2
        },
        "EvaderBehavior.Environment.EpisodeLength.sum": {
            "value": 10272.0,
            "min": 9511.0,
            "max": 10272.0,
            "count": 2
        },
        "EvaderBehavior.Environment.CumulativeReward.mean": {
            "value": -5.916545027947945,
            "min": -6.700085267294631,
            "max": -5.916545027947945,
            "count": 2
        },
        "EvaderBehavior.Environment.CumulativeReward.sum": {
            "value": -272.16107128560543,
            "min": -288.10366649366915,
            "max": -272.16107128560543,
            "count": 2
        },
        "EvaderBehavior.Policy.ExtrinsicReward.mean": {
            "value": -5.916545027947945,
            "min": -6.700085267294631,
            "max": -5.916545027947945,
            "count": 2
        },
        "EvaderBehavior.Policy.ExtrinsicReward.sum": {
            "value": -272.16107128560543,
            "min": -288.10366649366915,
            "max": -272.16107128560543,
            "count": 2
        },
        "EvaderBehavior.IsTraining.mean": {
            "value": 1.0,
            "min": 1.0,
            "max": 1.0,
            "count": 2
        },
        "EvaderBehavior.IsTraining.sum": {
            "value": 1.0,
            "min": 1.0,
            "max": 1.0,
            "count": 2
        },
        "ChaserBehavior.Policy.Entropy.mean": {
            "value": 1.4213165044784546,
            "min": 1.4189382791519165,
            "max": 1.4213165044784546,
            "count": 2
        },
        "ChaserBehavior.Policy.Entropy.sum": {
            "value": 14210.322265625,
            "min": 14192.220703125,
            "max": 14210.322265625,
            "count": 2
        },
        "ChaserBehavior.Step.mean": {
            "value": 19936.0,
            "min": 9938.0,
            "max": 19936.0,
            "count": 2
        },
        "ChaserBehavior.Step.sum": {
            "value": 19936.0,
            "min": 9938.0,
            "max": 19936.0,
            "count": 2
        },
        "ChaserBehavior.Policy.ExtrinsicValueEstimate.mean": {
            "value": 1.3973543643951416,
            "min": 1.055700659751892,
            "max": 1.3973543643951416,
            "count": 2
        },
        "ChaserBehavior.Policy.ExtrinsicValueEstimate.sum": {
            "value": 233.35818481445312,
            "min": 174.19061279296875,
            "max": 233.35818481445312,
            "count": 2
        },
        "ChaserBehavior.Environment.EpisodeLength.mean": {
            "value": 572.2222222222222,
            "min": 561.0,
            "max": 572.2222222222222,
            "count": 2
        },
        "ChaserBehavior.Environment.EpisodeLength.sum": {
            "value": 10300.0,
            "min": 9537.0,
            "max": 10300.0,
            "count": 2
        },
        "ChaserBehavior.Environment.CumulativeReward.mean": {
            "value": 30.38095319410786,
            "min": 30.38095319410786,
            "max": 33.516569178989705,
            "count": 2
        },
        "ChaserBehavior.Environment.CumulativeReward.sum": {
            "value": 546.8571574939415,
            "min": 546.8571574939415,
            "max": 569.781676042825,
            "count": 2
        },
        "ChaserBehavior.Policy.ExtrinsicReward.mean": {
            "value": 30.38095319410786,
            "min": 30.38095319410786,
            "max": 33.516569178989705,
            "count": 2
        },
        "ChaserBehavior.Policy.ExtrinsicReward.sum": {
            "value": 546.8571574939415,
            "min": 546.8571574939415,
            "max": 569.781676042825,
            "count": 2
        },
        "ChaserBehavior.IsTraining.mean": {
            "value": 1.0,
            "min": 1.0,
            "max": 1.0,
            "count": 2
        },
        "ChaserBehavior.IsTraining.sum": {
            "value": 1.0,
            "min": 1.0,
            "max": 1.0,
            "count": 2
        },
        "EvaderBehavior.Losses.PolicyLoss.mean": {
            "value": 0.021333019342273475,
            "min": 0.021333019342273475,
            "max": 0.021333019342273475,
            "count": 1
        },
        "EvaderBehavior.Losses.PolicyLoss.sum": {
            "value": 0.021333019342273475,
            "min": 0.021333019342273475,
            "max": 0.021333019342273475,
            "count": 1
        },
        "EvaderBehavior.Losses.ValueLoss.mean": {
            "value": 1.3978051543235779,
            "min": 1.3978051543235779,
            "max": 1.3978051543235779,
            "count": 1
        },
        "EvaderBehavior.Losses.ValueLoss.sum": {
            "value": 1.3978051543235779,
            "min": 1.3978051543235779,
            "max": 1.3978051543235779,
            "count": 1
        },
        "EvaderBehavior.Policy.LearningRate.mean": {
            "value": 0.0002938308020564,
            "min": 0.0002938308020564,
            "max": 0.0002938308020564,
            "count": 1
        },
        "EvaderBehavior.Policy.LearningRate.sum": {
            "value": 0.0002938308020564,
            "min": 0.0002938308020564,
            "max": 0.0002938308020564,
            "count": 1
        },
        "EvaderBehavior.Policy.Epsilon.mean": {
            "value": 0.19794360000000005,
            "min": 0.19794360000000005,
            "max": 0.19794360000000005,
            "count": 1
        },
        "EvaderBehavior.Policy.Epsilon.sum": {
            "value": 0.19794360000000005,
            "min": 0.19794360000000005,
            "max": 0.19794360000000005,
            "count": 1
        },
        "EvaderBehavior.Policy.Beta.mean": {
            "value": 0.00489738564,
            "min": 0.00489738564,
            "max": 0.00489738564,
            "count": 1
        },
        "EvaderBehavior.Policy.Beta.sum": {
            "value": 0.00489738564,
            "min": 0.00489738564,
            "max": 0.00489738564,
            "count": 1
        },
        "ChaserBehavior.Losses.PolicyLoss.mean": {
            "value": 0.026685194316723938,
            "min": 0.026685194316723938,
            "max": 0.026685194316723938,
            "count": 1
        },
        "ChaserBehavior.Losses.PolicyLoss.sum": {
            "value": 0.026685194316723938,
            "min": 0.026685194316723938,
            "max": 0.026685194316723938,
            "count": 1
        },
        "ChaserBehavior.Losses.ValueLoss.mean": {
            "value": 1.648233179251353,
            "min": 1.648233179251353,
            "max": 1.648233179251353,
            "count": 1
        },